id,year,label,band,topics,tags,problems_url,solutions_url
1985 A1,1985,A1,entry,algebra,algebra,https://kskedlaya.org/putnam-archive/1985.pdf,https://kskedlaya.org/putnam-archive/1985s.pdf
1985 A2,1985,A2,entry,,,https://kskedlaya.org/putnam-archive/1985.pdf,https://kskedlaya.org/putnam-archive/1985s.pdf
1985 A3,1985,A3,middle,analysis,analysis,https://kskedlaya.org/putnam-archive/1985.pdf,https://kskedlaya.org/putnam-archive/1985s.pdf
1985 A4,1985,A4,middle,number-theory,number_theory,https://kskedlaya.org/putnam-archive/1985.pdf,https://kskedlaya.org/putnam-archive/1985s.pdf
1985 A5,1985,A5,hard,analysis,analysis,https://kskedlaya.org/putnam-archive/1985.pdf,https://kskedlaya.org/putnam-archive/1985s.pdf
1985 A6,1985,A6,hard,algebra,algebra,https://kskedlaya.org/putnam-archive/1985.pdf,https://kskedlaya.org/putnam-archive/1985s.pdf
1985 B1,1985,B1,entry,algebra,algebra,https://kskedlaya.org/putnam-archive/1985.pdf,https://kskedlaya.org/putnam-archive/1985s.pdf
1985 B2,1985,B2,entry,algebra,algebra,https://kskedlaya.org/putnam-archive/1985.pdf,https://kskedlaya.org/putnam-archive/1985s.pdf
1985 B3,1985,B3,middle,algebra,algebra,https://kskedlaya.org/putnam-archive/1985.pdf,https://kskedlaya.org/putnam-archive/1985s.pdf
1985 B4,1985,B4,middle,,,https://kskedlaya.org/putnam-archive/1985.pdf,https://kskedlaya.org/putnam-archive/1985s.pdf
1985 B5,1985,B5,hard,analysis,analysis,https://kskedlaya.org/putnam-archive/1985.pdf,https://kskedlaya.org/putnam-archive/1985s.pdf
1985 B6,1985,B6,hard,algebra,abstract_algebra;linear_algebra,https://kskedlaya.org/putnam-archive/1985.pdf,https://kskedlaya.org/putnam-archive/1985s.pdf
1986 A1,1986,A1,entry,analysis;algebra,algebra;analysis,https://kskedlaya.org/putnam-archive/1986.pdf,https://kskedlaya.org/putnam-archive/1986s.pdf
1986 A2,1986,A2,entry,algebra,algebra,https://kskedlaya.org/putnam-archive/1986.pdf,https://kskedlaya.org/putnam-archive/1986s.pdf
1986 A3,1986,A3,middle,analysis,analysis,https://kskedlaya.org/putnam-archive/1986.pdf,https://kskedlaya.org/putnam-archive/1986s.pdf
1986 A4,1986,A4,middle,algebra,linear_algebra,https://kskedlaya.org/putnam-archive/1986.pdf,https://kskedlaya.org/putnam-archive/1986s.pdf
1986 A5,1986,A5,hard,analysis;algebra,analysis;linear_algebra,https://kskedlaya.org/putnam-archive/1986.pdf,https://kskedlaya.org/putnam-archive/1986s.pdf
1986 A6,1986,A6,hard,algebra,algebra,https://kskedlaya.org/putnam-archive/1986.pdf,https://kskedlaya.org/putnam-archive/1986s.pdf
1986 B1,1986,B1,entry,algebra;geometry,algebra;geometry,https://kskedlaya.org/putnam-archive/1986.pdf,https://kskedlaya.org/putnam-archive/1986s.pdf
1986 B2,1986,B2,entry,algebra,algebra,https://kskedlaya.org/putnam-archive/1986.pdf,https://kskedlaya.org/putnam-archive/1986s.pdf
1986 B3,1986,B3,middle,number-theory;algebra,algebra;number_theory,https://kskedlaya.org/putnam-archive/1986.pdf,https://kskedlaya.org/putnam-archive/1986s.pdf
1986 B4,1986,B4,middle,analysis,analysis,https://kskedlaya.org/putnam-archive/1986.pdf,https://kskedlaya.org/putnam-archive/1986s.pdf
1986 B5,1986,B5,hard,algebra,algebra,https://kskedlaya.org/putnam-archive/1986.pdf,https://kskedlaya.org/putnam-archive/1986s.pdf
1986 B6,1986,B6,hard,algebra,linear_algebra,https://kskedlaya.org/putnam-archive/1986.pdf,https://kskedlaya.org/putnam-archive/1986s.pdf
1987 A1,1987,A1,entry,algebra,algebra,https://kskedlaya.org/putnam-archive/1987.pdf,https://kskedlaya.org/putnam-archive/1987s.pdf
1987 A2,1987,A2,entry,algebra,algebra,https://kskedlaya.org/putnam-archive/1987.pdf,https://kskedlaya.org/putnam-archive/1987s.pdf
1987 A3,1987,A3,middle,,,https://kskedlaya.org/putnam-archive/1987.pdf,https://kskedlaya.org/putnam-archive/1987s.pdf
1987 A4,1987,A4,middle,algebra,algebra,https://kskedlaya.org/putnam-archive/1987.pdf,https://kskedlaya.org/putnam-archive/1987s.pdf
1987 A5,1987,A5,hard,analysis,analysis,https://kskedlaya.org/putnam-archive/1987.pdf,https://kskedlaya.org/putnam-archive/1987s.pdf
1987 A6,1987,A6,hard,analysis;algebra,algebra;analysis,https://kskedlaya.org/putnam-archive/1987.pdf,https://kskedlaya.org/putnam-archive/1987s.pdf
1987 B1,1987,B1,entry,analysis,analysis,https://kskedlaya.org/putnam-archive/1987.pdf,https://kskedlaya.org/putnam-archive/1987s.pdf
1987 B2,1987,B2,entry,algebra,algebra,https://kskedlaya.org/putnam-archive/1987.pdf,https://kskedlaya.org/putnam-archive/1987s.pdf
1987 B3,1987,B3,middle,algebra,abstract_algebra,https://kskedlaya.org/putnam-archive/1987.pdf,https://kskedlaya.org/putnam-archive/1987s.pdf
1987 B4,1987,B4,middle,analysis,analysis,https://kskedlaya.org/putnam-archive/1987.pdf,https://kskedlaya.org/putnam-archive/1987s.pdf
1987 B5,1987,B5,hard,algebra,linear_algebra,https://kskedlaya.org/putnam-archive/1987.pdf,https://kskedlaya.org/putnam-archive/1987s.pdf
1987 B6,1987,B6,hard,algebra,abstract_algebra,https://kskedlaya.org/putnam-archive/1987.pdf,https://kskedlaya.org/putnam-archive/1987s.pdf
1988 A1,1988,A1,entry,geometry,geometry,https://kskedlaya.org/putnam-archive/1988.pdf,https://kskedlaya.org/putnam-archive/1988s.pdf
1988 A2,1988,A2,entry,analysis,analysis,https://kskedlaya.org/putnam-archive/1988.pdf,https://kskedlaya.org/putnam-archive/1988s.pdf
1988 A3,1988,A3,middle,analysis,analysis,https://kskedlaya.org/putnam-archive/1988.pdf,https://kskedlaya.org/putnam-archive/1988s.pdf
1988 A4,1988,A4,middle,combinatorics;geometry,combinatorics;geometry,https://kskedlaya.org/putnam-archive/1988.pdf,https://kskedlaya.org/putnam-archive/1988s.pdf
1988 A5,1988,A5,hard,analysis,analysis,https://kskedlaya.org/putnam-archive/1988.pdf,https://kskedlaya.org/putnam-archive/1988s.pdf
1988 A6,1988,A6,hard,algebra,linear_algebra,https://kskedlaya.org/putnam-archive/1988.pdf,https://kskedlaya.org/putnam-archive/1988s.pdf
1988 B1,1988,B1,entry,number-theory;algebra,algebra;number_theory,https://kskedlaya.org/putnam-archive/1988.pdf,https://kskedlaya.org/putnam-archive/1988s.pdf
1988 B2,1988,B2,entry,algebra,algebra,https://kskedlaya.org/putnam-archive/1988.pdf,https://kskedlaya.org/putnam-archive/1988s.pdf
1988 B3,1988,B3,middle,algebra,algebra,https://kskedlaya.org/putnam-archive/1988.pdf,https://kskedlaya.org/putnam-archive/1988s.pdf
1988 B4,1988,B4,middle,analysis,analysis,https://kskedlaya.org/putnam-archive/1988.pdf,https://kskedlaya.org/putnam-archive/1988s.pdf
1988 B5,1988,B5,hard,algebra,linear_algebra,https://kskedlaya.org/putnam-archive/1988.pdf,https://kskedlaya.org/putnam-archive/1988s.pdf
1988 B6,1988,B6,hard,number-theory;algebra,algebra;number_theory,https://kskedlaya.org/putnam-archive/1988.pdf,https://kskedlaya.org/putnam-archive/1988s.pdf
1989 A1,1989,A1,entry,number-theory;algebra,algebra;number_theory,https://kskedlaya.org/putnam-archive/1989.pdf,https://kskedlaya.org/putnam-archive/1989s.pdf
1989 A2,1989,A2,entry,analysis,analysis,https://kskedlaya.org/putnam-archive/1989.pdf,https://kskedlaya.org/putnam-archive/1989s.pdf
1989 A3,1989,A3,middle,algebra,algebra,https://kskedlaya.org/putnam-archive/1989.pdf,https://kskedlaya.org/putnam-archive/1989s.pdf
1989 A4,1989,A4,middle,,,https://kskedlaya.org/putnam-archive/1989.pdf,https://kskedlaya.org/putnam-archive/1989s.pdf
1989 A5,1989,A5,hard,,,https://kskedlaya.org/putnam-archive/1989.pdf,https://kskedlaya.org/putnam-archive/1989s.pdf
1989 A6,1989,A6,hard,algebra,abstract_algebra;algebra,https://kskedlaya.org/putnam-archive/1989.pdf,https://kskedlaya.org/putnam-archive/1989s.pdf
1989 B1,1989,B1,entry,geometry;probability,geometry;probability,https://kskedlaya.org/putnam-archive/1989.pdf,https://kskedlaya.org/putnam-archive/1989s.pdf
1989 B2,1989,B2,entry,algebra,abstract_algebra,https://kskedlaya.org/putnam-archive/1989.pdf,https://kskedlaya.org/putnam-archive/1989s.pdf
1989 B3,1989,B3,middle,analysis,analysis,https://kskedlaya.org/putnam-archive/1989.pdf,https://kskedlaya.org/putnam-archive/1989s.pdf
1989 B4,1989,B4,middle,combinatorics,set_theory,https://kskedlaya.org/putnam-archive/1989.pdf,https://kskedlaya.org/putnam-archive/1989s.pdf
1989 B5,1989,B5,hard,,,https://kskedlaya.org/putnam-archive/1989.pdf,https://kskedlaya.org/putnam-archive/1989s.pdf
1989 B6,1989,B6,hard,analysis;algebra;probability,algebra;analysis;probability,https://kskedlaya.org/putnam-archive/1989.pdf,https://kskedlaya.org/putnam-archive/1989s.pdf
1990 A1,1990,A1,entry,algebra,algebra,https://kskedlaya.org/putnam-archive/1990.pdf,https://kskedlaya.org/putnam-archive/1990s.pdf
1990 A2,1990,A2,entry,analysis,analysis,https://kskedlaya.org/putnam-archive/1990.pdf,https://kskedlaya.org/putnam-archive/1990s.pdf
1990 A3,1990,A3,middle,,,https://kskedlaya.org/putnam-archive/1990.pdf,https://kskedlaya.org/putnam-archive/1990s.pdf
1990 A4,1990,A4,middle,number-theory;combinatorics,number_theory;set_theory,https://kskedlaya.org/putnam-archive/1990.pdf,https://kskedlaya.org/putnam-archive/1990s.pdf
1990 A5,1990,A5,hard,algebra,linear_algebra,https://kskedlaya.org/putnam-archive/1990.pdf,https://kskedlaya.org/putnam-archive/1990s.pdf
1990 A6,1990,A6,hard,algebra,algebra,https://kskedlaya.org/putnam-archive/1990.pdf,https://kskedlaya.org/putnam-archive/1990s.pdf
1990 B1,1990,B1,entry,analysis,analysis,https://kskedlaya.org/putnam-archive/1990.pdf,https://kskedlaya.org/putnam-archive/1990s.pdf
1990 B2,1990,B2,entry,analysis,analysis,https://kskedlaya.org/putnam-archive/1990.pdf,https://kskedlaya.org/putnam-archive/1990s.pdf
1990 B3,1990,B3,middle,algebra,linear_algebra,https://kskedlaya.org/putnam-archive/1990.pdf,https://kskedlaya.org/putnam-archive/1990s.pdf
1990 B4,1990,B4,middle,algebra,abstract_algebra,https://kskedlaya.org/putnam-archive/1990.pdf,https://kskedlaya.org/putnam-archive/1990s.pdf
1990 B5,1990,B5,hard,analysis;algebra,algebra;analysis,https://kskedlaya.org/putnam-archive/1990.pdf,https://kskedlaya.org/putnam-archive/1990s.pdf
1990 B6,1990,B6,hard,,,https://kskedlaya.org/putnam-archive/1990.pdf,https://kskedlaya.org/putnam-archive/1990s.pdf
1991 A1,1991,A1,entry,,,https://kskedlaya.org/putnam-archive/1991.pdf,https://kskedlaya.org/putnam-archive/1991s.pdf
1991 A2,1991,A2,entry,algebra,linear_algebra,https://kskedlaya.org/putnam-archive/1991.pdf,https://kskedlaya.org/putnam-archive/1991s.pdf
1991 A3,1991,A3,middle,analysis;algebra,algebra;analysis,https://kskedlaya.org/putnam-archive/1991.pdf,https://kskedlaya.org/putnam-archive/1991s.pdf
1991 A4,1991,A4,middle,analysis;geometry,analysis;geometry,https://kskedlaya.org/putnam-archive/1991.pdf,https://kskedlaya.org/putnam-archive/1991s.pdf
1991 A5,1991,A5,hard,analysis,analysis,https://kskedlaya.org/putnam-archive/1991.pdf,https://kskedlaya.org/putnam-archive/1991s.pdf
1991 A6,1991,A6,hard,algebra,algebra,https://kskedlaya.org/putnam-archive/1991.pdf,https://kskedlaya.org/putnam-archive/1991s.pdf
1991 B1,1991,B1,entry,algebra,algebra,https://kskedlaya.org/putnam-archive/1991.pdf,https://kskedlaya.org/putnam-archive/1991s.pdf
1991 B2,1991,B2,entry,analysis,analysis,https://kskedlaya.org/putnam-archive/1991.pdf,https://kskedlaya.org/putnam-archive/1991s.pdf
1991 B3,1991,B3,middle,,,https://kskedlaya.org/putnam-archive/1991.pdf,https://kskedlaya.org/putnam-archive/1991s.pdf
1991 B4,1991,B4,middle,number-theory;algebra,algebra;number_theory,https://kskedlaya.org/putnam-archive/1991.pdf,https://kskedlaya.org/putnam-archive/1991s.pdf
1991 B5,1991,B5,hard,number-theory,number_theory,https://kskedlaya.org/putnam-archive/1991.pdf,https://kskedlaya.org/putnam-archive/1991s.pdf
1991 B6,1991,B6,hard,analysis,analysis,https://kskedlaya.org/putnam-archive/1991.pdf,https://kskedlaya.org/putnam-archive/1991s.pdf
1992 A1,1992,A1,entry,algebra,algebra,https://kskedlaya.org/putnam-archive/1992.pdf,https://kskedlaya.org/putnam-archive/1992s.pdf
1992 A2,1992,A2,entry,analysis;algebra,algebra;analysis,https://kskedlaya.org/putnam-archive/1992.pdf,https://kskedlaya.org/putnam-archive/1992s.pdf
1992 A3,1992,A3,middle,number-theory;algebra,algebra;number_theory,https://kskedlaya.org/putnam-archive/1992.pdf,https://kskedlaya.org/putnam-archive/1992s.pdf
1992 A4,1992,A4,middle,analysis,analysis,https://kskedlaya.org/putnam-archive/1992.pdf,https://kskedlaya.org/putnam-archive/1992s.pdf
1992 A5,1992,A5,hard,algebra,algebra,https://kskedlaya.org/putnam-archive/1992.pdf,https://kskedlaya.org/putnam-archive/1992s.pdf
1992 A6,1992,A6,hard,,,https://kskedlaya.org/putnam-archive/1992.pdf,https://kskedlaya.org/putnam-archive/1992s.pdf
1992 B1,1992,B1,entry,algebra,algebra,https://kskedlaya.org/putnam-archive/1992.pdf,https://kskedlaya.org/putnam-archive/1992s.pdf
1992 B2,1992,B2,entry,algebra,algebra,https://kskedlaya.org/putnam-archive/1992.pdf,https://kskedlaya.org/putnam-archive/1992s.pdf
1992 B3,1992,B3,middle,analysis;geometry,analysis;geometry,https://kskedlaya.org/putnam-archive/1992.pdf,https://kskedlaya.org/putnam-archive/1992s.pdf
1992 B4,1992,B4,middle,algebra,algebra,https://kskedlaya.org/putnam-archive/1992.pdf,https://kskedlaya.org/putnam-archive/1992s.pdf
1992 B5,1992,B5,hard,analysis;algebra,analysis;linear_algebra,https://kskedlaya.org/putnam-archive/1992.pdf,https://kskedlaya.org/putnam-archive/1992s.pdf
1992 B6,1992,B6,hard,algebra,linear_algebra,https://kskedlaya.org/putnam-archive/1992.pdf,https://kskedlaya.org/putnam-archive/1992s.pdf
1993 A1,1993,A1,entry,analysis;algebra,algebra;analysis,https://kskedlaya.org/putnam-archive/1993.pdf,https://kskedlaya.org/putnam-archive/1993s.pdf
1993 A2,1993,A2,entry,algebra,algebra,https://kskedlaya.org/putnam-archive/1993.pdf,https://kskedlaya.org/putnam-archive/1993s.pdf
1993 A3,1993,A3,middle,algebra,algebra,https://kskedlaya.org/putnam-archive/1993.pdf,https://kskedlaya.org/putnam-archive/1993s.pdf
1993 A4,1993,A4,middle,algebra,algebra,https://kskedlaya.org/putnam-archive/1993.pdf,https://kskedlaya.org/putnam-archive/1993s.pdf
1993 A5,1993,A5,hard,analysis,analysis,https://kskedlaya.org/putnam-archive/1993.pdf,https://kskedlaya.org/putnam-archive/1993s.pdf
1993 A6,1993,A6,hard,algebra,algebra,https://kskedlaya.org/putnam-archive/1993.pdf,https://kskedlaya.org/putnam-archive/1993s.pdf
1993 B1,1993,B1,entry,algebra,algebra,https://kskedlaya.org/putnam-archive/1993.pdf,https://kskedlaya.org/putnam-archive/1993s.pdf
1993 B2,1993,B2,entry,,,https://kskedlaya.org/putnam-archive/1993.pdf,https://kskedlaya.org/putnam-archive/1993s.pdf
1993 B3,1993,B3,middle,number-theory;geometry;probability,geometry;number_theory;probability,https://kskedlaya.org/putnam-archive/1993.pdf,https://kskedlaya.org/putnam-archive/1993s.pdf
1993 B4,1993,B4,middle,analysis,analysis,https://kskedlaya.org/putnam-archive/1993.pdf,https://kskedlaya.org/putnam-archive/1993s.pdf
1993 B5,1993,B5,hard,number-theory;algebra;geometry,geometry;linear_algebra;number_theory,https://kskedlaya.org/putnam-archive/1993.pdf,https://kskedlaya.org/putnam-archive/1993s.pdf
1993 B6,1993,B6,hard,algebra,algebra,https://kskedlaya.org/putnam-archive/1993.pdf,https://kskedlaya.org/putnam-archive/1993s.pdf
1994 A1,1994,A1,entry,analysis,analysis,https://kskedlaya.org/putnam-archive/1994.pdf,https://kskedlaya.org/putnam-archive/1994s.pdf
1994 A2,1994,A2,entry,,,https://kskedlaya.org/putnam-archive/1994.pdf,https://kskedlaya.org/putnam-archive/1994s.pdf
1994 A3,1994,A3,middle,geometry,geometry,https://kskedlaya.org/putnam-archive/1994.pdf,https://kskedlaya.org/putnam-archive/1994s.pdf
1994 A4,1994,A4,middle,algebra,linear_algebra,https://kskedlaya.org/putnam-archive/1994.pdf,https://kskedlaya.org/putnam-archive/1994s.pdf
1994 A5,1994,A5,hard,analysis,analysis,https://kskedlaya.org/putnam-archive/1994.pdf,https://kskedlaya.org/putnam-archive/1994s.pdf
1994 A6,1994,A6,hard,algebra,algebra,https://kskedlaya.org/putnam-archive/1994.pdf,https://kskedlaya.org/putnam-archive/1994s.pdf
1994 B1,1994,B1,entry,algebra,algebra,https://kskedlaya.org/putnam-archive/1994.pdf,https://kskedlaya.org/putnam-archive/1994s.pdf
1994 B2,1994,B2,entry,algebra;geometry,algebra;geometry,https://kskedlaya.org/putnam-archive/1994.pdf,https://kskedlaya.org/putnam-archive/1994s.pdf
1994 B3,1994,B3,middle,analysis,analysis,https://kskedlaya.org/putnam-archive/1994.pdf,https://kskedlaya.org/putnam-archive/1994s.pdf
1994 B4,1994,B4,middle,number-theory;analysis;algebra,analysis;linear_algebra;number_theory,https://kskedlaya.org/putnam-archive/1994.pdf,https://kskedlaya.org/putnam-archive/1994s.pdf
1994 B5,1994,B5,hard,algebra,algebra,https://kskedlaya.org/putnam-archive/1994.pdf,https://kskedlaya.org/putnam-archive/1994s.pdf
1994 B6,1994,B6,hard,number-theory,number_theory,https://kskedlaya.org/putnam-archive/1994.pdf,https://kskedlaya.org/putnam-archive/1994s.pdf
1995 A1,1995,A1,entry,algebra,algebra,https://kskedlaya.org/putnam-archive/1995.pdf,https://kskedlaya.org/putnam-archive/1995s.pdf
1995 A2,1995,A2,entry,analysis,analysis,https://kskedlaya.org/putnam-archive/1995.pdf,https://kskedlaya.org/putnam-archive/1995s.pdf
1995 A3,1995,A3,middle,number-theory,number_theory,https://kskedlaya.org/putnam-archive/1995.pdf,https://kskedlaya.org/putnam-archive/1995s.pdf
1995 A4,1995,A4,middle,combinatorics,combinatorics,https://kskedlaya.org/putnam-archive/1995.pdf,https://kskedlaya.org/putnam-archive/1995s.pdf
1995 A5,1995,A5,hard,analysis;algebra,analysis;linear_algebra,https://kskedlaya.org/putnam-archive/1995.pdf,https://kskedlaya.org/putnam-archive/1995s.pdf
1995 A6,1995,A6,hard,algebra,algebra,https://kskedlaya.org/putnam-archive/1995.pdf,https://kskedlaya.org/putnam-archive/1995s.pdf
1995 B1,1995,B1,entry,combinatorics,combinatorics,https://kskedlaya.org/putnam-archive/1995.pdf,https://kskedlaya.org/putnam-archive/1995s.pdf
1995 B2,1995,B2,entry,,,https://kskedlaya.org/putnam-archive/1995.pdf,https://kskedlaya.org/putnam-archive/1995s.pdf
1995 B3,1995,B3,middle,algebra,linear_algebra,https://kskedlaya.org/putnam-archive/1995.pdf,https://kskedlaya.org/putnam-archive/1995s.pdf
1995 B4,1995,B4,middle,algebra,algebra,https://kskedlaya.org/putnam-archive/1995.pdf,https://kskedlaya.org/putnam-archive/1995s.pdf
1995 B5,1995,B5,hard,,,https://kskedlaya.org/putnam-archive/1995.pdf,https://kskedlaya.org/putnam-archive/1995s.pdf
1995 B6,1995,B6,hard,number-theory;algebra,algebra;number_theory,https://kskedlaya.org/putnam-archive/1995.pdf,https://kskedlaya.org/putnam-archive/1995s.pdf
1996 A1,1996,A1,entry,,,https://kskedlaya.org/putnam-archive/1996.pdf,https://kskedlaya.org/putnam-archive/1996s.pdf
1996 A2,1996,A2,entry,geometry,geometry,https://kskedlaya.org/putnam-archive/1996.pdf,https://kskedlaya.org/putnam-archive/1996s.pdf
1996 A3,1996,A3,middle,combinatorics,combinatorics,https://kskedlaya.org/putnam-archive/1996.pdf,https://kskedlaya.org/putnam-archive/1996s.pdf
1996 A4,1996,A4,middle,algebra,algebra,https://kskedlaya.org/putnam-archive/1996.pdf,https://kskedlaya.org/putnam-archive/1996s.pdf
1996 A5,1996,A5,hard,number-theory,number_theory,https://kskedlaya.org/putnam-archive/1996.pdf,https://kskedlaya.org/putnam-archive/1996s.pdf
1996 A6,1996,A6,hard,analysis;algebra,algebra;analysis,https://kskedlaya.org/putnam-archive/1996.pdf,https://kskedlaya.org/putnam-archive/1996s.pdf
1996 B1,1996,B1,entry,algebra,algebra,https://kskedlaya.org/putnam-archive/1996.pdf,https://kskedlaya.org/putnam-archive/1996s.pdf
1996 B2,1996,B2,entry,analysis,analysis,https://kskedlaya.org/putnam-archive/1996.pdf,https://kskedlaya.org/putnam-archive/1996s.pdf
1996 B3,1996,B3,middle,algebra,algebra,https://kskedlaya.org/putnam-archive/1996.pdf,https://kskedlaya.org/putnam-archive/1996s.pdf
1996 B4,1996,B4,middle,algebra,linear_algebra,https://kskedlaya.org/putnam-archive/1996.pdf,https://kskedlaya.org/putnam-archive/1996s.pdf
1996 B5,1996,B5,hard,algebra,algebra,https://kskedlaya.org/putnam-archive/1996.pdf,https://kskedlaya.org/putnam-archive/1996s.pdf
1996 B6,1996,B6,hard,,,https://kskedlaya.org/putnam-archive/1996.pdf,https://kskedlaya.org/putnam-archive/1996s.pdf
1997 A1,1997,A1,entry,geometry,geometry,https://kskedlaya.org/putnam-archive/1997.pdf,https://kskedlaya.org/putnam-archive/1997s.pdf
1997 A2,1997,A2,entry,,,https://kskedlaya.org/putnam-archive/1997.pdf,https://kskedlaya.org/putnam-archive/1997s.pdf
1997 A3,1997,A3,middle,analysis,analysis,https://kskedlaya.org/putnam-archive/1997.pdf,https://kskedlaya.org/putnam-archive/1997s.pdf
1997 A4,1997,A4,middle,algebra,abstract_algebra,https://kskedlaya.org/putnam-archive/1997.pdf,https://kskedlaya.org/putnam-archive/1997s.pdf
1997 A5,1997,A5,hard,number-theory,number_theory,https://kskedlaya.org/putnam-archive/1997.pdf,https://kskedlaya.org/putnam-archive/1997s.pdf
1997 A6,1997,A6,hard,algebra,algebra,https://kskedlaya.org/putnam-archive/1997.pdf,https://kskedlaya.org/putnam-archive/1997s.pdf
1997 B1,1997,B1,entry,algebra,algebra,https://kskedlaya.org/putnam-archive/1997.pdf,https://kskedlaya.org/putnam-archive/1997s.pdf
1997 B2,1997,B2,entry,analysis,analysis,https://kskedlaya.org/putnam-archive/1997.pdf,https://kskedlaya.org/putnam-archive/1997s.pdf
1997 B3,1997,B3,middle,number-theory,number_theory,https://kskedlaya.org/putnam-archive/1997.pdf,https://kskedlaya.org/putnam-archive/1997s.pdf
1997 B4,1997,B4,middle,algebra,algebra,https://kskedlaya.org/putnam-archive/1997.pdf,https://kskedlaya.org/putnam-archive/1997s.pdf
1997 B5,1997,B5,hard,number-theory,number_theory,https://kskedlaya.org/putnam-archive/1997.pdf,https://kskedlaya.org/putnam-archive/1997s.pdf
1997 B6,1997,B6,hard,,,https://kskedlaya.org/putnam-archive/1997.pdf,https://kskedlaya.org/putnam-archive/1997s.pdf
1998 A1,1998,A1,entry,,,https://kskedlaya.org/putnam-archive/1998.pdf,https://kskedlaya.org/putnam-archive/1998s.pdf
1998 A2,1998,A2,entry,geometry,geometry,https://kskedlaya.org/putnam-archive/1998.pdf,https://kskedlaya.org/putnam-archive/1998s.pdf
1998 A3,1998,A3,middle,analysis,analysis,https://kskedlaya.org/putnam-archive/1998.pdf,https://kskedlaya.org/putnam-archive/1998s.pdf
1998 A4,1998,A4,middle,algebra,algebra,https://kskedlaya.org/putnam-archive/1998.pdf,https://kskedlaya.org/putnam-archive/1998s.pdf
1998 A5,1998,A5,hard,analysis,analysis,https://kskedlaya.org/putnam-archive/1998.pdf,https://kskedlaya.org/putnam-archive/1998s.pdf
1998 A6,1998,A6,hard,geometry,geometry,https://kskedlaya.org/putnam-archive/1998.pdf,https://kskedlaya.org/putnam-archive/1998s.pdf
1998 B1,1998,B1,entry,algebra,algebra,https://kskedlaya.org/putnam-archive/1998.pdf,https://kskedlaya.org/putnam-archive/1998s.pdf
1998 B2,1998,B2,entry,algebra;geometry,algebra;geometry,https://kskedlaya.org/putnam-archive/1998.pdf,https://kskedlaya.org/putnam-archive/1998s.pdf
1998 B3,1998,B3,middle,,,https://kskedlaya.org/putnam-archive/1998.pdf,https://kskedlaya.org/putnam-archive/1998s.pdf
1998 B4,1998,B4,middle,number-theory,number_theory,https://kskedlaya.org/putnam-archive/1998.pdf,https://kskedlaya.org/putnam-archive/1998s.pdf
1998 B5,1998,B5,hard,number-theory,number_theory,https://kskedlaya.org/putnam-archive/1998.pdf,https://kskedlaya.org/putnam-archive/1998s.pdf
1998 B6,1998,B6,hard,number-theory,number_theory,https://kskedlaya.org/putnam-archive/1998.pdf,https://kskedlaya.org/putnam-archive/1998s.pdf
1999 A1,1999,A1,entry,algebra,algebra,https://kskedlaya.org/putnam-archive/1999.pdf,https://kskedlaya.org/putnam-archive/1999s.pdf
1999 A2,1999,A2,entry,algebra,algebra,https://kskedlaya.org/putnam-archive/1999.pdf,https://kskedlaya.org/putnam-archive/1999s.pdf
1999 A3,1999,A3,middle,algebra,algebra,https://kskedlaya.org/putnam-archive/1999.pdf,https://kskedlaya.org/putnam-archive/1999s.pdf
1999 A4,1999,A4,middle,number-theory,number_theory,https://kskedlaya.org/putnam-archive/1999.pdf,https://kskedlaya.org/putnam-archive/1999s.pdf
1999 A5,1999,A5,hard,analysis,analysis,https://kskedlaya.org/putnam-archive/1999.pdf,https://kskedlaya.org/putnam-archive/1999s.pdf
1999 A6,1999,A6,hard,algebra,algebra,https://kskedlaya.org/putnam-archive/1999.pdf,https://kskedlaya.org/putnam-archive/1999s.pdf
1999 B1,1999,B1,entry,,,https://kskedlaya.org/putnam-archive/1999.pdf,https://kskedlaya.org/putnam-archive/1999s.pdf
1999 B2,1999,B2,entry,analysis,analysis,https://kskedlaya.org/putnam-archive/1999.pdf,https://kskedlaya.org/putnam-archive/1999s.pdf
1999 B3,1999,B3,middle,algebra,algebra,https://kskedlaya.org/putnam-archive/1999.pdf,https://kskedlaya.org/putnam-archive/1999s.pdf
1999 B4,1999,B4,middle,analysis,analysis,https://kskedlaya.org/putnam-archive/1999.pdf,https://kskedlaya.org/putnam-archive/1999s.pdf
1999 B5,1999,B5,hard,algebra,linear_algebra,https://kskedlaya.org/putnam-archive/1999.pdf,https://kskedlaya.org/putnam-archive/1999s.pdf
1999 B6,1999,B6,hard,number-theory,number_theory,https://kskedlaya.org/putnam-archive/1999.pdf,https://kskedlaya.org/putnam-archive/1999s.pdf
2000 A1,2000,A1,entry,analysis,analysis,https://kskedlaya.org/putnam-archive/2000.pdf,https://kskedlaya.org/putnam-archive/2000s.pdf
2000 A2,2000,A2,entry,number-theory,number_theory,https://kskedlaya.org/putnam-archive/2000.pdf,https://kskedlaya.org/putnam-archive/2000s.pdf
2000 A3,2000,A3,middle,,,https://kskedlaya.org/putnam-archive/2000.pdf,https://kskedlaya.org/putnam-archive/2000s.pdf
2000 A4,2000,A4,middle,analysis,analysis,https://kskedlaya.org/putnam-archive/2000.pdf,https://kskedlaya.org/putnam-archive/2000s.pdf
2000 A5,2000,A5,hard,algebra,algebra,https://kskedlaya.org/putnam-archive/2000.pdf,https://kskedlaya.org/putnam-archive/2000s.pdf
2000 A6,2000,A6,hard,algebra,algebra,https://kskedlaya.org/putnam-archive/2000.pdf,https://kskedlaya.org/putnam-archive/2000s.pdf
2000 B1,2000,B1,entry,algebra,algebra,https://kskedlaya.org/putnam-archive/2000.pdf,https://kskedlaya.org/putnam-archive/2000s.pdf
2000 B2,2000,B2,entry,number-theory;algebra,algebra;number_theory,https://kskedlaya.org/putnam-archive/2000.pdf,https://kskedlaya.org/putnam-archive/2000s.pdf
2000 B3,2000,B3,middle,analysis,analysis,https://kskedlaya.org/putnam-archive/2000.pdf,https://kskedlaya.org/putnam-archive/2000s.pdf
2000 B4,2000,B4,middle,analysis,analysis,https://kskedlaya.org/putnam-archive/2000.pdf,https://kskedlaya.org/putnam-archive/2000s.pdf
2000 B5,2000,B5,hard,algebra,algebra,https://kskedlaya.org/putnam-archive/2000.pdf,https://kskedlaya.org/putnam-archive/2000s.pdf
2000 B6,2000,B6,hard,,,https://kskedlaya.org/putnam-archive/2000.pdf,https://kskedlaya.org/putnam-archive/2000s.pdf
2001 A1,2001,A1,entry,algebra,abstract_algebra,https://kskedlaya.org/putnam-archive/2001.pdf,https://kskedlaya.org/putnam-archive/2001s.pdf
2001 A2,2001,A2,entry,,,https://kskedlaya.org/putnam-archive/2001.pdf,https://kskedlaya.org/putnam-archive/2001s.pdf
2001 A3,2001,A3,middle,algebra,algebra,https://kskedlaya.org/putnam-archive/2001.pdf,https://kskedlaya.org/putnam-archive/2001s.pdf
2001 A4,2001,A4,middle,,,https://kskedlaya.org/putnam-archive/2001.pdf,https://kskedlaya.org/putnam-archive/2001s.pdf
2001 A5,2001,A5,hard,number-theory,number_theory,https://kskedlaya.org/putnam-archive/2001.pdf,https://kskedlaya.org/putnam-archive/2001s.pdf
2001 A6,2001,A6,hard,,,https://kskedlaya.org/putnam-archive/2001.pdf,https://kskedlaya.org/putnam-archive/2001s.pdf
2001 B1,2001,B1,entry,algebra,algebra,https://kskedlaya.org/putnam-archive/2001.pdf,https://kskedlaya.org/putnam-archive/2001s.pdf
2001 B2,2001,B2,entry,algebra,algebra,https://kskedlaya.org/putnam-archive/2001.pdf,https://kskedlaya.org/putnam-archive/2001s.pdf
2001 B3,2001,B3,middle,analysis,analysis,https://kskedlaya.org/putnam-archive/2001.pdf,https://kskedlaya.org/putnam-archive/2001s.pdf
2001 B4,2001,B4,middle,algebra,algebra,https://kskedlaya.org/putnam-archive/2001.pdf,https://kskedlaya.org/putnam-archive/2001s.pdf
2001 B5,2001,B5,hard,analysis,analysis,https://kskedlaya.org/putnam-archive/2001.pdf,https://kskedlaya.org/putnam-archive/2001s.pdf
2001 B6,2001,B6,hard,analysis,analysis,https://kskedlaya.org/putnam-archive/2001.pdf,https://kskedlaya.org/putnam-archive/2001s.pdf
2002 A1,2002,A1,entry,analysis;algebra,algebra;analysis,https://kskedlaya.org/putnam-archive/2002.pdf,https://kskedlaya.org/putnam-archive/2002s.pdf
2002 A2,2002,A2,entry,geometry,geometry,https://kskedlaya.org/putnam-archive/2002.pdf,https://kskedlaya.org/putnam-archive/2002s.pdf
2002 A3,2002,A3,middle,algebra,algebra,https://kskedlaya.org/putnam-archive/2002.pdf,https://kskedlaya.org/putnam-archive/2002s.pdf
2002 A4,2002,A4,middle,,,https://kskedlaya.org/putnam-archive/2002.pdf,https://kskedlaya.org/putnam-archive/2002s.pdf
2002 A5,2002,A5,hard,number-theory;algebra,algebra;number_theory,https://kskedlaya.org/putnam-archive/2002.pdf,https://kskedlaya.org/putnam-archive/2002s.pdf
2002 A6,2002,A6,hard,number-theory;analysis,analysis;number_theory,https://kskedlaya.org/putnam-archive/2002.pdf,https://kskedlaya.org/putnam-archive/2002s.pdf
2002 B1,2002,B1,entry,,,https://kskedlaya.org/putnam-archive/2002.pdf,https://kskedlaya.org/putnam-archive/2002s.pdf
2002 B2,2002,B2,entry,,,https://kskedlaya.org/putnam-archive/2002.pdf,https://kskedlaya.org/putnam-archive/2002s.pdf
2002 B3,2002,B3,middle,algebra,algebra,https://kskedlaya.org/putnam-archive/2002.pdf,https://kskedlaya.org/putnam-archive/2002s.pdf
2002 B4,2002,B4,middle,,,https://kskedlaya.org/putnam-archive/2002.pdf,https://kskedlaya.org/putnam-archive/2002s.pdf
2002 B5,2002,B5,hard,number-theory,number_theory,https://kskedlaya.org/putnam-archive/2002.pdf,https://kskedlaya.org/putnam-archive/2002s.pdf
2002 B6,2002,B6,hard,number-theory;algebra,algebra;linear_algebra;number_theory,https://kskedlaya.org/putnam-archive/2002.pdf,https://kskedlaya.org/putnam-archive/2002s.pdf
2003 A1,2003,A1,entry,algebra,algebra,https://kskedlaya.org/putnam-archive/2003.pdf,https://kskedlaya.org/putnam-archive/2003s.pdf
2003 A2,2003,A2,entry,algebra,algebra,https://kskedlaya.org/putnam-archive/2003.pdf,https://kskedlaya.org/putnam-archive/2003s.pdf
2003 A3,2003,A3,middle,analysis,analysis,https://kskedlaya.org/putnam-archive/2003.pdf,https://kskedlaya.org/putnam-archive/2003s.pdf
2003 A4,2003,A4,middle,algebra,algebra,https://kskedlaya.org/putnam-archive/2003.pdf,https://kskedlaya.org/putnam-archive/2003s.pdf
2003 A5,2003,A5,hard,combinatorics,combinatorics,https://kskedlaya.org/putnam-archive/2003.pdf,https://kskedlaya.org/putnam-archive/2003s.pdf
2003 A6,2003,A6,hard,algebra,algebra,https://kskedlaya.org/putnam-archive/2003.pdf,https://kskedlaya.org/putnam-archive/2003s.pdf
2003 B1,2003,B1,entry,algebra,algebra;linear_algebra,https://kskedlaya.org/putnam-archive/2003.pdf,https://kskedlaya.org/putnam-archive/2003s.pdf
2003 B2,2003,B2,entry,algebra,algebra,https://kskedlaya.org/putnam-archive/2003.pdf,https://kskedlaya.org/putnam-archive/2003s.pdf
2003 B3,2003,B3,middle,number-theory,number_theory,https://kskedlaya.org/putnam-archive/2003.pdf,https://kskedlaya.org/putnam-archive/2003s.pdf
2003 B4,2003,B4,middle,number-theory;algebra,algebra;number_theory,https://kskedlaya.org/putnam-archive/2003.pdf,https://kskedlaya.org/putnam-archive/2003s.pdf
2003 B5,2003,B5,hard,geometry,geometry,https://kskedlaya.org/putnam-archive/2003.pdf,https://kskedlaya.org/putnam-archive/2003s.pdf
2003 B6,2003,B6,hard,analysis,analysis,https://kskedlaya.org/putnam-archive/2003.pdf,https://kskedlaya.org/putnam-archive/2003s.pdf
2004 A1,2004,A1,entry,probability,probability,https://kskedlaya.org/putnam-archive/2004.pdf,https://kskedlaya.org/putnam-archive/2004s.pdf
2004 A2,2004,A2,entry,,,https://kskedlaya.org/putnam-archive/2004.pdf,https://kskedlaya.org/putnam-archive/2004s.pdf
2004 A3,2004,A3,middle,algebra,linear_algebra,https://kskedlaya.org/putnam-archive/2004.pdf,https://kskedlaya.org/putnam-archive/2004s.pdf
2004 A4,2004,A4,middle,algebra,algebra,https://kskedlaya.org/putnam-archive/2004.pdf,https://kskedlaya.org/putnam-archive/2004s.pdf
2004 A5,2004,A5,hard,combinatorics,combinatorics,https://kskedlaya.org/putnam-archive/2004.pdf,https://kskedlaya.org/putnam-archive/2004s.pdf
2004 A6,2004,A6,hard,analysis,analysis,https://kskedlaya.org/putnam-archive/2004.pdf,https://kskedlaya.org/putnam-archive/2004s.pdf
2004 B1,2004,B1,entry,algebra,algebra,https://kskedlaya.org/putnam-archive/2004.pdf,https://kskedlaya.org/putnam-archive/2004s.pdf
2004 B2,2004,B2,entry,algebra,algebra,https://kskedlaya.org/putnam-archive/2004.pdf,https://kskedlaya.org/putnam-archive/2004s.pdf
2004 B3,2004,B3,middle,,,https://kskedlaya.org/putnam-archive/2004.pdf,https://kskedlaya.org/putnam-archive/2004s.pdf
2004 B4,2004,B4,middle,geometry,geometry,https://kskedlaya.org/putnam-archive/2004.pdf,https://kskedlaya.org/putnam-archive/2004s.pdf
2004 B5,2004,B5,hard,analysis,analysis,https://kskedlaya.org/putnam-archive/2004.pdf,https://kskedlaya.org/putnam-archive/2004s.pdf
2004 B6,2004,B6,hard,analysis,analysis,https://kskedlaya.org/putnam-archive/2004.pdf,https://kskedlaya.org/putnam-archive/2004s.pdf
2005 A1,2005,A1,entry,number-theory,number_theory,https://kskedlaya.org/putnam-archive/2005.pdf,https://kskedlaya.org/putnam-archive/2005s.pdf
2005 A2,2005,A2,entry,combinatorics,combinatorics,https://kskedlaya.org/putnam-archive/2005.pdf,https://kskedlaya.org/putnam-archive/2005s.pdf
2005 A3,2005,A3,middle,analysis;algebra,algebra;analysis,https://kskedlaya.org/putnam-archive/2005.pdf,https://kskedlaya.org/putnam-archive/2005s.pdf
2005 A4,2005,A4,middle,algebra,linear_algebra,https://kskedlaya.org/putnam-archive/2005.pdf,https://kskedlaya.org/putnam-archive/2005s.pdf
2005 A5,2005,A5,hard,analysis,analysis,https://kskedlaya.org/putnam-archive/2005.pdf,https://kskedlaya.org/putnam-archive/2005s.pdf
2005 A6,2005,A6,hard,,,https://kskedlaya.org/putnam-archive/2005.pdf,https://kskedlaya.org/putnam-archive/2005s.pdf
2005 B1,2005,B1,entry,algebra,algebra,https://kskedlaya.org/putnam-archive/2005.pdf,https://kskedlaya.org/putnam-archive/2005s.pdf
2005 B2,2005,B2,entry,algebra,algebra,https://kskedlaya.org/putnam-archive/2005.pdf,https://kskedlaya.org/putnam-archive/2005s.pdf
2005 B3,2005,B3,middle,analysis,analysis,https://kskedlaya.org/putnam-archive/2005.pdf,https://kskedlaya.org/putnam-archive/2005s.pdf
2005 B4,2005,B4,middle,algebra,algebra,https://kskedlaya.org/putnam-archive/2005.pdf,https://kskedlaya.org/putnam-archive/2005s.pdf
2005 B5,2005,B5,hard,algebra,algebra,https://kskedlaya.org/putnam-archive/2005.pdf,https://kskedlaya.org/putnam-archive/2005s.pdf
2005 B6,2005,B6,hard,algebra,algebra;linear_algebra,https://kskedlaya.org/putnam-archive/2005.pdf,https://kskedlaya.org/putnam-archive/2005s.pdf
2006 A1,2006,A1,entry,geometry,geometry,https://kskedlaya.org/putnam-archive/2006.pdf,https://kskedlaya.org/putnam-archive/2006s.pdf
2006 A2,2006,A2,entry,,,https://kskedlaya.org/putnam-archive/2006.pdf,https://kskedlaya.org/putnam-archive/2006s.pdf
2006 A3,2006,A3,middle,algebra,algebra,https://kskedlaya.org/putnam-archive/2006.pdf,https://kskedlaya.org/putnam-archive/2006s.pdf
2006 A4,2006,A4,middle,algebra,algebra,https://kskedlaya.org/putnam-archive/2006.pdf,https://kskedlaya.org/putnam-archive/2006s.pdf
2006 A5,2006,A5,hard,algebra,algebra,https://kskedlaya.org/putnam-archive/2006.pdf,https://kskedlaya.org/putnam-archive/2006s.pdf
2006 A6,2006,A6,hard,,,https://kskedlaya.org/putnam-archive/2006.pdf,https://kskedlaya.org/putnam-archive/2006s.pdf
2006 B1,2006,B1,entry,geometry,geometry,https://kskedlaya.org/putnam-archive/2006.pdf,https://kskedlaya.org/putnam-archive/2006s.pdf
2006 B2,2006,B2,entry,analysis,analysis,https://kskedlaya.org/putnam-archive/2006.pdf,https://kskedlaya.org/putnam-archive/2006s.pdf
2006 B3,2006,B3,middle,geometry,geometry,https://kskedlaya.org/putnam-archive/2006.pdf,https://kskedlaya.org/putnam-archive/2006s.pdf
2006 B4,2006,B4,middle,algebra,linear_algebra,https://kskedlaya.org/putnam-archive/2006.pdf,https://kskedlaya.org/putnam-archive/2006s.pdf
2006 B5,2006,B5,hard,analysis;algebra,algebra;analysis,https://kskedlaya.org/putnam-archive/2006.pdf,https://kskedlaya.org/putnam-archive/2006s.pdf
2006 B6,2006,B6,hard,analysis,analysis,https://kskedlaya.org/putnam-archive/2006.pdf,https://kskedlaya.org/putnam-archive/2006s.pdf
2007 A1,2007,A1,entry,algebra;geometry,algebra;geometry,https://kskedlaya.org/putnam-archive/2007.pdf,https://kskedlaya.org/putnam-archive/2007s.pdf
2007 A2,2007,A2,entry,geometry,geometry,https://kskedlaya.org/putnam-archive/2007.pdf,https://kskedlaya.org/putnam-archive/2007s.pdf
2007 A3,2007,A3,middle,combinatorics,combinatorics,https://kskedlaya.org/putnam-archive/2007.pdf,https://kskedlaya.org/putnam-archive/2007s.pdf
2007 A4,2007,A4,middle,number-theory;analysis;algebra,algebra;analysis;number_theory,https://kskedlaya.org/putnam-archive/2007.pdf,https://kskedlaya.org/putnam-archive/2007s.pdf
2007 A5,2007,A5,hard,algebra,abstract_algebra,https://kskedlaya.org/putnam-archive/2007.pdf,https://kskedlaya.org/putnam-archive/2007s.pdf
2007 A6,2007,A6,hard,,,https://kskedlaya.org/putnam-archive/2007.pdf,https://kskedlaya.org/putnam-archive/2007s.pdf
2007 B1,2007,B1,entry,algebra,algebra,https://kskedlaya.org/putnam-archive/2007.pdf,https://kskedlaya.org/putnam-archive/2007s.pdf
2007 B2,2007,B2,entry,analysis,analysis,https://kskedlaya.org/putnam-archive/2007.pdf,https://kskedlaya.org/putnam-archive/2007s.pdf
2007 B3,2007,B3,middle,analysis,analysis,https://kskedlaya.org/putnam-archive/2007.pdf,https://kskedlaya.org/putnam-archive/2007s.pdf
2007 B4,2007,B4,middle,algebra,algebra,https://kskedlaya.org/putnam-archive/2007.pdf,https://kskedlaya.org/putnam-archive/2007s.pdf
2007 B5,2007,B5,hard,algebra,algebra,https://kskedlaya.org/putnam-archive/2007.pdf,https://kskedlaya.org/putnam-archive/2007s.pdf
2007 B6,2007,B6,hard,analysis;combinatorics,analysis;combinatorics,https://kskedlaya.org/putnam-archive/2007.pdf,https://kskedlaya.org/putnam-archive/2007s.pdf
2008 A1,2008,A1,entry,algebra,algebra,https://kskedlaya.org/putnam-archive/2008.pdf,https://kskedlaya.org/putnam-archive/2008s.pdf
2008 A2,2008,A2,entry,,,https://kskedlaya.org/putnam-archive/2008.pdf,https://kskedlaya.org/putnam-archive/2008s.pdf
2008 A3,2008,A3,middle,number-theory,number_theory,https://kskedlaya.org/putnam-archive/2008.pdf,https://kskedlaya.org/putnam-archive/2008s.pdf
2008 A4,2008,A4,middle,algebra,algebra,https://kskedlaya.org/putnam-archive/2008.pdf,https://kskedlaya.org/putnam-archive/2008s.pdf
2008 A5,2008,A5,hard,algebra;geometry,algebra;geometry,https://kskedlaya.org/putnam-archive/2008.pdf,https://kskedlaya.org/putnam-archive/2008s.pdf
2008 A6,2008,A6,hard,algebra,abstract_algebra,https://kskedlaya.org/putnam-archive/2008.pdf,https://kskedlaya.org/putnam-archive/2008s.pdf
2008 B1,2008,B1,entry,number-theory;geometry,geometry;number_theory,https://kskedlaya.org/putnam-archive/2008.pdf,https://kskedlaya.org/putnam-archive/2008s.pdf
2008 B2,2008,B2,entry,analysis,analysis,https://kskedlaya.org/putnam-archive/2008.pdf,https://kskedlaya.org/putnam-archive/2008s.pdf
2008 B3,2008,B3,middle,geometry,geometry,https://kskedlaya.org/putnam-archive/2008.pdf,https://kskedlaya.org/putnam-archive/2008s.pdf
2008 B4,2008,B4,middle,number-theory;algebra,algebra;number_theory,https://kskedlaya.org/putnam-archive/2008.pdf,https://kskedlaya.org/putnam-archive/2008s.pdf
2008 B5,2008,B5,hard,analysis,analysis,https://kskedlaya.org/putnam-archive/2008.pdf,https://kskedlaya.org/putnam-archive/2008s.pdf
2008 B6,2008,B6,hard,number-theory,number_theory,https://kskedlaya.org/putnam-archive/2008.pdf,https://kskedlaya.org/putnam-archive/2008s.pdf
2009 A1,2009,A1,entry,algebra;geometry,algebra;geometry,https://kskedlaya.org/putnam-archive/2009.pdf,https://kskedlaya.org/putnam-archive/2009s.pdf
2009 A2,2009,A2,entry,analysis,analysis,https://kskedlaya.org/putnam-archive/2009.pdf,https://kskedlaya.org/putnam-archive/2009s.pdf
2009 A3,2009,A3,middle,analysis;algebra,analysis;linear_algebra,https://kskedlaya.org/putnam-archive/2009.pdf,https://kskedlaya.org/putnam-archive/2009s.pdf
2009 A4,2009,A4,middle,number-theory,number_theory,https://kskedlaya.org/putnam-archive/2009.pdf,https://kskedlaya.org/putnam-archive/2009s.pdf
2009 A5,2009,A5,hard,algebra,abstract_algebra,https://kskedlaya.org/putnam-archive/2009.pdf,https://kskedlaya.org/putnam-archive/2009s.pdf
2009 A6,2009,A6,hard,,,https://kskedlaya.org/putnam-archive/2009.pdf,https://kskedlaya.org/putnam-archive/2009s.pdf
2009 B1,2009,B1,entry,number-theory,number_theory,https://kskedlaya.org/putnam-archive/2009.pdf,https://kskedlaya.org/putnam-archive/2009s.pdf
2009 B2,2009,B2,entry,analysis;algebra,algebra;analysis,https://kskedlaya.org/putnam-archive/2009.pdf,https://kskedlaya.org/putnam-archive/2009s.pdf
2009 B3,2009,B3,middle,number-theory,number_theory,https://kskedlaya.org/putnam-archive/2009.pdf,https://kskedlaya.org/putnam-archive/2009s.pdf
2009 B4,2009,B4,middle,algebra,algebra;linear_algebra,https://kskedlaya.org/putnam-archive/2009.pdf,https://kskedlaya.org/putnam-archive/2009s.pdf
2009 B5,2009,B5,hard,analysis,analysis,https://kskedlaya.org/putnam-archive/2009.pdf,https://kskedlaya.org/putnam-archive/2009s.pdf
2009 B6,2009,B6,hard,number-theory,number_theory,https://kskedlaya.org/putnam-archive/2009.pdf,https://kskedlaya.org/putnam-archive/2009s.pdf
2010 A1,2010,A1,entry,algebra,algebra,https://kskedlaya.org/putnam-archive/2010.pdf,https://kskedlaya.org/putnam-archive/2010s.pdf
2010 A2,2010,A2,entry,analysis,analysis,https://kskedlaya.org/putnam-archive/2010.pdf,https://kskedlaya.org/putnam-archive/2010s.pdf
2010 A3,2010,A3,middle,analysis,analysis,https://kskedlaya.org/putnam-archive/2010.pdf,https://kskedlaya.org/putnam-archive/2010s.pdf
2010 A4,2010,A4,middle,number-theory,number_theory,https://kskedlaya.org/putnam-archive/2010.pdf,https://kskedlaya.org/putnam-archive/2010s.pdf
2010 A5,2010,A5,hard,algebra,abstract_algebra;algebra,https://kskedlaya.org/putnam-archive/2010.pdf,https://kskedlaya.org/putnam-archive/2010s.pdf
2010 A6,2010,A6,hard,analysis,analysis,https://kskedlaya.org/putnam-archive/2010.pdf,https://kskedlaya.org/putnam-archive/2010s.pdf
2010 B1,2010,B1,entry,analysis,analysis,https://kskedlaya.org/putnam-archive/2010.pdf,https://kskedlaya.org/putnam-archive/2010s.pdf
2010 B2,2010,B2,entry,geometry,geometry,https://kskedlaya.org/putnam-archive/2010.pdf,https://kskedlaya.org/putnam-archive/2010s.pdf
2010 B3,2010,B3,middle,analysis,analysis,https://kskedlaya.org/putnam-archive/2010.pdf,https://kskedlaya.org/putnam-archive/2010s.pdf
2010 B4,2010,B4,middle,algebra,algebra,https://kskedlaya.org/putnam-archive/2010.pdf,https://kskedlaya.org/putnam-archive/2010s.pdf
2010 B5,2010,B5,hard,analysis,analysis,https://kskedlaya.org/putnam-archive/2010.pdf,https://kskedlaya.org/putnam-archive/2010s.pdf
2010 B6,2010,B6,hard,algebra,linear_algebra,https://kskedlaya.org/putnam-archive/2010.pdf,https://kskedlaya.org/putnam-archive/2010s.pdf
2011 A1,2011,A1,entry,algebra;geometry,algebra;geometry,https://kskedlaya.org/putnam-archive/2011.pdf,https://kskedlaya.org/putnam-archive/2011s.pdf
2011 A2,2011,A2,entry,analysis,analysis,https://kskedlaya.org/putnam-archive/2011.pdf,https://kskedlaya.org/putnam-archive/2011s.pdf
2011 A3,2011,A3,middle,analysis,analysis,https://kskedlaya.org/putnam-archive/2011.pdf,https://kskedlaya.org/putnam-archive/2011s.pdf
2011 A4,2011,A4,middle,algebra,linear_algebra,https://kskedlaya.org/putnam-archive/2011.pdf,https://kskedlaya.org/putnam-archive/2011s.pdf
2011 A5,2011,A5,hard,analysis,analysis,https://kskedlaya.org/putnam-archive/2011.pdf,https://kskedlaya.org/putnam-archive/2011s.pdf
2011 A6,2011,A6,hard,algebra,abstract_algebra;linear_algebra,https://kskedlaya.org/putnam-archive/2011.pdf,https://kskedlaya.org/putnam-archive/2011s.pdf
2011 B1,2011,B1,entry,algebra,algebra,https://kskedlaya.org/putnam-archive/2011.pdf,https://kskedlaya.org/putnam-archive/2011s.pdf
2011 B2,2011,B2,entry,number-theory,number_theory,https://kskedlaya.org/putnam-archive/2011.pdf,https://kskedlaya.org/putnam-archive/2011s.pdf
2011 B3,2011,B3,middle,analysis,analysis,https://kskedlaya.org/putnam-archive/2011.pdf,https://kskedlaya.org/putnam-archive/2011s.pdf
2011 B4,2011,B4,middle,algebra,linear_algebra,https://kskedlaya.org/putnam-archive/2011.pdf,https://kskedlaya.org/putnam-archive/2011s.pdf
2011 B5,2011,B5,hard,analysis,analysis,https://kskedlaya.org/putnam-archive/2011.pdf,https://kskedlaya.org/putnam-archive/2011s.pdf
2011 B6,2011,B6,hard,number-theory,number_theory,https://kskedlaya.org/putnam-archive/2011.pdf,https://kskedlaya.org/putnam-archive/2011s.pdf
2012 A1,2012,A1,entry,algebra;geometry,algebra;geometry,https://kskedlaya.org/putnam-archive/2012.pdf,https://kskedlaya.org/putnam-archive/2012s.pdf
2012 A2,2012,A2,entry,algebra,abstract_algebra,https://kskedlaya.org/putnam-archive/2012.pdf,https://kskedlaya.org/putnam-archive/2012s.pdf
2012 A3,2012,A3,middle,analysis;algebra,algebra;analysis,https://kskedlaya.org/putnam-archive/2012.pdf,https://kskedlaya.org/putnam-archive/2012s.pdf
2012 A4,2012,A4,middle,algebra,algebra,https://kskedlaya.org/putnam-archive/2012.pdf,https://kskedlaya.org/putnam-archive/2012s.pdf
2012 A5,2012,A5,hard,algebra,linear_algebra,https://kskedlaya.org/putnam-archive/2012.pdf,https://kskedlaya.org/putnam-archive/2012s.pdf
2012 A6,2012,A6,hard,analysis,analysis,https://kskedlaya.org/putnam-archive/2012.pdf,https://kskedlaya.org/putnam-archive/2012s.pdf
2012 B1,2012,B1,entry,algebra,algebra,https://kskedlaya.org/putnam-archive/2012.pdf,https://kskedlaya.org/putnam-archive/2012s.pdf
2012 B2,2012,B2,entry,,,https://kskedlaya.org/putnam-archive/2012.pdf,https://kskedlaya.org/putnam-archive/2012s.pdf
2012 B3,2012,B3,middle,combinatorics,combinatorics,https://kskedlaya.org/putnam-archive/2012.pdf,https://kskedlaya.org/putnam-archive/2012s.pdf
2012 B4,2012,B4,middle,analysis,analysis,https://kskedlaya.org/putnam-archive/2012.pdf,https://kskedlaya.org/putnam-archive/2012s.pdf
2012 B5,2012,B5,hard,analysis,analysis,https://kskedlaya.org/putnam-archive/2012.pdf,https://kskedlaya.org/putnam-archive/2012s.pdf
2012 B6,2012,B6,hard,number-theory,number_theory,https://kskedlaya.org/putnam-archive/2012.pdf,https://kskedlaya.org/putnam-archive/2012s.pdf
2013 A1,2013,A1,entry,,,https://kskedlaya.org/putnam-archive/2013.pdf,https://kskedlaya.org/putnam-archive/2013s.pdf
2013 A2,2013,A2,entry,number-theory;algebra,algebra;number_theory,https://kskedlaya.org/putnam-archive/2013.pdf,https://kskedlaya.org/putnam-archive/2013s.pdf
2013 A3,2013,A3,middle,analysis,analysis,https://kskedlaya.org/putnam-archive/2013.pdf,https://kskedlaya.org/putnam-archive/2013s.pdf
2013 A4,2013,A4,middle,algebra,algebra,https://kskedlaya.org/putnam-archive/2013.pdf,https://kskedlaya.org/putnam-archive/2013s.pdf
2013 A5,2013,A5,hard,algebra;geometry,geometry;linear_algebra,https://kskedlaya.org/putnam-archive/2013.pdf,https://kskedlaya.org/putnam-archive/2013s.pdf
2013 A6,2013,A6,hard,algebra,algebra,https://kskedlaya.org/putnam-archive/2013.pdf,https://kskedlaya.org/putnam-archive/2013s.pdf
2013 B1,2013,B1,entry,algebra,algebra,https://kskedlaya.org/putnam-archive/2013.pdf,https://kskedlaya.org/putnam-archive/2013s.pdf
2013 B2,2013,B2,entry,algebra,algebra,https://kskedlaya.org/putnam-archive/2013.pdf,https://kskedlaya.org/putnam-archive/2013s.pdf
2013 B3,2013,B3,middle,combinatorics,set_theory,https://kskedlaya.org/putnam-archive/2013.pdf,https://kskedlaya.org/putnam-archive/2013s.pdf
2013 B4,2013,B4,middle,analysis,analysis,https://kskedlaya.org/putnam-archive/2013.pdf,https://kskedlaya.org/putnam-archive/2013s.pdf
2013 B5,2013,B5,hard,algebra,algebra,https://kskedlaya.org/putnam-archive/2013.pdf,https://kskedlaya.org/putnam-archive/2013s.pdf
2013 B6,2013,B6,hard,,,https://kskedlaya.org/putnam-archive/2013.pdf,https://kskedlaya.org/putnam-archive/2013s.pdf
2014 A1,2014,A1,entry,number-theory;analysis,analysis;number_theory,https://kskedlaya.org/putnam-archive/2014.pdf,https://kskedlaya.org/putnam-archive/2014s.pdf
2014 A2,2014,A2,entry,algebra,linear_algebra,https://kskedlaya.org/putnam-archive/2014.pdf,https://kskedlaya.org/putnam-archive/2014s.pdf
2014 A3,2014,A3,middle,algebra,algebra,https://kskedlaya.org/putnam-archive/2014.pdf,https://kskedlaya.org/putnam-archive/2014s.pdf
2014 A4,2014,A4,middle,analysis;probability,analysis;probability,https://kskedlaya.org/putnam-archive/2014.pdf,https://kskedlaya.org/putnam-archive/2014s.pdf
2014 A5,2014,A5,hard,algebra,algebra,https://kskedlaya.org/putnam-archive/2014.pdf,https://kskedlaya.org/putnam-archive/2014s.pdf
2014 A6,2014,A6,hard,algebra,linear_algebra,https://kskedlaya.org/putnam-archive/2014.pdf,https://kskedlaya.org/putnam-archive/2014s.pdf
2014 B1,2014,B1,entry,algebra,algebra,https://kskedlaya.org/putnam-archive/2014.pdf,https://kskedlaya.org/putnam-archive/2014s.pdf
2014 B2,2014,B2,entry,analysis,analysis,https://kskedlaya.org/putnam-archive/2014.pdf,https://kskedlaya.org/putnam-archive/2014s.pdf
2014 B3,2014,B3,middle,number-theory;algebra,linear_algebra;number_theory,https://kskedlaya.org/putnam-archive/2014.pdf,https://kskedlaya.org/putnam-archive/2014s.pdf
2014 B4,2014,B4,middle,algebra,algebra,https://kskedlaya.org/putnam-archive/2014.pdf,https://kskedlaya.org/putnam-archive/2014s.pdf
2014 B5,2014,B5,hard,,,https://kskedlaya.org/putnam-archive/2014.pdf,https://kskedlaya.org/putnam-archive/2014s.pdf
2014 B6,2014,B6,hard,number-theory;analysis,analysis;number_theory,https://kskedlaya.org/putnam-archive/2014.pdf,https://kskedlaya.org/putnam-archive/2014s.pdf
2015 A1,2015,A1,entry,analysis;geometry,analysis;geometry,https://kskedlaya.org/putnam-archive/2015.pdf,https://kskedlaya.org/putnam-archive/2015s.pdf
2015 A2,2015,A2,entry,number-theory,number_theory,https://kskedlaya.org/putnam-archive/2015.pdf,https://kskedlaya.org/putnam-archive/2015s.pdf
2015 A3,2015,A3,middle,number-theory;algebra,algebra;number_theory,https://kskedlaya.org/putnam-archive/2015.pdf,https://kskedlaya.org/putnam-archive/2015s.pdf
2015 A4,2015,A4,middle,analysis,analysis,https://kskedlaya.org/putnam-archive/2015.pdf,https://kskedlaya.org/putnam-archive/2015s.pdf
2015 A5,2015,A5,hard,number-theory,number_theory,https://kskedlaya.org/putnam-archive/2015.pdf,https://kskedlaya.org/putnam-archive/2015s.pdf
2015 A6,2015,A6,hard,algebra,linear_algebra,https://kskedlaya.org/putnam-archive/2015.pdf,https://kskedlaya.org/putnam-archive/2015s.pdf
2015 B1,2015,B1,entry,analysis,analysis,https://kskedlaya.org/putnam-archive/2015.pdf,https://kskedlaya.org/putnam-archive/2015s.pdf
2015 B2,2015,B2,entry,number-theory,number_theory,https://kskedlaya.org/putnam-archive/2015.pdf,https://kskedlaya.org/putnam-archive/2015s.pdf
2015 B3,2015,B3,middle,algebra,linear_algebra,https://kskedlaya.org/putnam-archive/2015.pdf,https://kskedlaya.org/putnam-archive/2015s.pdf
2015 B4,2015,B4,middle,algebra,algebra,https://kskedlaya.org/putnam-archive/2015.pdf,https://kskedlaya.org/putnam-archive/2015s.pdf
2015 B5,2015,B5,hard,algebra,algebra,https://kskedlaya.org/putnam-archive/2015.pdf,https://kskedlaya.org/putnam-archive/2015s.pdf
2015 B6,2015,B6,hard,number-theory;analysis,analysis;number_theory,https://kskedlaya.org/putnam-archive/2015.pdf,https://kskedlaya.org/putnam-archive/2015s.pdf
2016 A1,2016,A1,entry,number-theory;algebra,algebra;number_theory,https://kskedlaya.org/putnam-archive/2016.pdf,https://kskedlaya.org/putnam-archive/2016s.pdf
2016 A2,2016,A2,entry,analysis,analysis,https://kskedlaya.org/putnam-archive/2016.pdf,https://kskedlaya.org/putnam-archive/2016s.pdf
2016 A3,2016,A3,middle,analysis,analysis,https://kskedlaya.org/putnam-archive/2016.pdf,https://kskedlaya.org/putnam-archive/2016s.pdf
2016 A4,2016,A4,middle,,,https://kskedlaya.org/putnam-archive/2016.pdf,https://kskedlaya.org/putnam-archive/2016s.pdf
2016 A5,2016,A5,hard,algebra,abstract_algebra,https://kskedlaya.org/putnam-archive/2016.pdf,https://kskedlaya.org/putnam-archive/2016s.pdf
2016 A6,2016,A6,hard,algebra,algebra,https://kskedlaya.org/putnam-archive/2016.pdf,https://kskedlaya.org/putnam-archive/2016s.pdf
2016 B1,2016,B1,entry,analysis,analysis,https://kskedlaya.org/putnam-archive/2016.pdf,https://kskedlaya.org/putnam-archive/2016s.pdf
2016 B2,2016,B2,entry,analysis,analysis,https://kskedlaya.org/putnam-archive/2016.pdf,https://kskedlaya.org/putnam-archive/2016s.pdf
2016 B3,2016,B3,middle,geometry,geometry,https://kskedlaya.org/putnam-archive/2016.pdf,https://kskedlaya.org/putnam-archive/2016s.pdf
2016 B4,2016,B4,middle,algebra;probability,linear_algebra;probability,https://kskedlaya.org/putnam-archive/2016.pdf,https://kskedlaya.org/putnam-archive/2016s.pdf
2016 B5,2016,B5,hard,algebra,algebra,https://kskedlaya.org/putnam-archive/2016.pdf,https://kskedlaya.org/putnam-archive/2016s.pdf
2016 B6,2016,B6,hard,analysis,analysis,https://kskedlaya.org/putnam-archive/2016.pdf,https://kskedlaya.org/putnam-archive/2016s.pdf
2017 A1,2017,A1,entry,number-theory,number_theory,https://kskedlaya.org/putnam-archive/2017.pdf,https://kskedlaya.org/putnam-archive/2017s.pdf
2017 A2,2017,A2,entry,algebra,algebra,https://kskedlaya.org/putnam-archive/2017.pdf,https://kskedlaya.org/putnam-archive/2017s.pdf
2017 A3,2017,A3,middle,analysis,analysis,https://kskedlaya.org/putnam-archive/2017.pdf,https://kskedlaya.org/putnam-archive/2017s.pdf
2017 A4,2017,A4,middle,algebra,algebra,https://kskedlaya.org/putnam-archive/2017.pdf,https://kskedlaya.org/putnam-archive/2017s.pdf
2017 A5,2017,A5,hard,,,https://kskedlaya.org/putnam-archive/2017.pdf,https://kskedlaya.org/putnam-archive/2017s.pdf
2017 A6,2017,A6,hard,,,https://kskedlaya.org/putnam-archive/2017.pdf,https://kskedlaya.org/putnam-archive/2017s.pdf
2017 B1,2017,B1,entry,geometry,geometry,https://kskedlaya.org/putnam-archive/2017.pdf,https://kskedlaya.org/putnam-archive/2017s.pdf
2017 B2,2017,B2,entry,algebra,algebra,https://kskedlaya.org/putnam-archive/2017.pdf,https://kskedlaya.org/putnam-archive/2017s.pdf
2017 B3,2017,B3,middle,number-theory,number_theory,https://kskedlaya.org/putnam-archive/2017.pdf,https://kskedlaya.org/putnam-archive/2017s.pdf
2017 B4,2017,B4,middle,algebra,algebra,https://kskedlaya.org/putnam-archive/2017.pdf,https://kskedlaya.org/putnam-archive/2017s.pdf
2017 B5,2017,B5,hard,,,https://kskedlaya.org/putnam-archive/2017.pdf,https://kskedlaya.org/putnam-archive/2017s.pdf
2017 B6,2017,B6,hard,number-theory;algebra,algebra;number_theory,https://kskedlaya.org/putnam-archive/2017.pdf,https://kskedlaya.org/putnam-archive/2017s.pdf
2018 A1,2018,A1,entry,number-theory,number_theory,https://kskedlaya.org/putnam-archive/2018.pdf,https://kskedlaya.org/putnam-archive/2018s.pdf
2018 A2,2018,A2,entry,algebra,linear_algebra,https://kskedlaya.org/putnam-archive/2018.pdf,https://kskedlaya.org/putnam-archive/2018s.pdf
2018 A3,2018,A3,middle,number-theory,number_theory,https://kskedlaya.org/putnam-archive/2018.pdf,https://kskedlaya.org/putnam-archive/2018s.pdf
2018 A4,2018,A4,middle,number-theory;algebra,abstract_algebra;number_theory,https://kskedlaya.org/putnam-archive/2018.pdf,https://kskedlaya.org/putnam-archive/2018s.pdf
2018 A5,2018,A5,hard,analysis,analysis,https://kskedlaya.org/putnam-archive/2018.pdf,https://kskedlaya.org/putnam-archive/2018s.pdf
2018 A6,2018,A6,hard,algebra;geometry,algebra;geometry,https://kskedlaya.org/putnam-archive/2018.pdf,https://kskedlaya.org/putnam-archive/2018s.pdf
2018 B1,2018,B1,entry,algebra,algebra,https://kskedlaya.org/putnam-archive/2018.pdf,https://kskedlaya.org/putnam-archive/2018s.pdf
2018 B2,2018,B2,entry,analysis,analysis,https://kskedlaya.org/putnam-archive/2018.pdf,https://kskedlaya.org/putnam-archive/2018s.pdf
2018 B3,2018,B3,middle,number-theory,number_theory,https://kskedlaya.org/putnam-archive/2018.pdf,https://kskedlaya.org/putnam-archive/2018s.pdf
2018 B4,2018,B4,middle,algebra,algebra,https://kskedlaya.org/putnam-archive/2018.pdf,https://kskedlaya.org/putnam-archive/2018s.pdf
2018 B5,2018,B5,hard,analysis,analysis,https://kskedlaya.org/putnam-archive/2018.pdf,https://kskedlaya.org/putnam-archive/2018s.pdf
2018 B6,2018,B6,hard,algebra,algebra,https://kskedlaya.org/putnam-archive/2018.pdf,https://kskedlaya.org/putnam-archive/2018s.pdf
2019 A1,2019,A1,entry,algebra,algebra,https://kskedlaya.org/putnam-archive/2019.pdf,https://kskedlaya.org/putnam-archive/2019s.pdf
2019 A2,2019,A2,entry,,,https://kskedlaya.org/putnam-archive/2019.pdf,https://kskedlaya.org/putnam-archive/2019s.pdf
2019 A3,2019,A3,middle,algebra,algebra,https://kskedlaya.org/putnam-archive/2019.pdf,https://kskedlaya.org/putnam-archive/2019s.pdf
2019 A4,2019,A4,middle,analysis,analysis,https://kskedlaya.org/putnam-archive/2019.pdf,https://kskedlaya.org/putnam-archive/2019s.pdf
2019 A5,2019,A5,hard,number-theory;algebra,abstract_algebra;algebra;number_theory,https://kskedlaya.org/putnam-archive/2019.pdf,https://kskedlaya.org/putnam-archive/2019s.pdf
2019 A6,2019,A6,hard,analysis,analysis,https://kskedlaya.org/putnam-archive/2019.pdf,https://kskedlaya.org/putnam-archive/2019s.pdf
2019 B1,2019,B1,entry,geometry,geometry,https://kskedlaya.org/putnam-archive/2019.pdf,https://kskedlaya.org/putnam-archive/2019s.pdf
2019 B2,2019,B2,entry,analysis,analysis,https://kskedlaya.org/putnam-archive/2019.pdf,https://kskedlaya.org/putnam-archive/2019s.pdf
2019 B3,2019,B3,middle,algebra,linear_algebra,https://kskedlaya.org/putnam-archive/2019.pdf,https://kskedlaya.org/putnam-archive/2019s.pdf
2019 B4,2019,B4,middle,analysis,analysis,https://kskedlaya.org/putnam-archive/2019.pdf,https://kskedlaya.org/putnam-archive/2019s.pdf
2019 B5,2019,B5,hard,number-theory;algebra,algebra;number_theory,https://kskedlaya.org/putnam-archive/2019.pdf,https://kskedlaya.org/putnam-archive/2019s.pdf
2019 B6,2019,B6,hard,algebra,algebra,https://kskedlaya.org/putnam-archive/2019.pdf,https://kskedlaya.org/putnam-archive/2019s.pdf
2020 A1,2020,A1,entry,number-theory;algebra,algebra;number_theory,https://kskedlaya.org/putnam-archive/2020.pdf,https://kskedlaya.org/putnam-archive/2020s.pdf
2020 A2,2020,A2,entry,algebra,algebra,https://kskedlaya.org/putnam-archive/2020.pdf,https://kskedlaya.org/putnam-archive/2020s.pdf
2020 A3,2020,A3,middle,analysis,analysis,https://kskedlaya.org/putnam-archive/2020.pdf,https://kskedlaya.org/putnam-archive/2020s.pdf
2020 A4,2020,A4,middle,,,https://kskedlaya.org/putnam-archive/2020.pdf,https://kskedlaya.org/putnam-archive/2020s.pdf
2020 A5,2020,A5,hard,number-theory;combinatorics,combinatorics;number_theory,https://kskedlaya.org/putnam-archive/2020.pdf,https://kskedlaya.org/putnam-archive/2020s.pdf
2020 A6,2020,A6,hard,algebra,algebra,https://kskedlaya.org/putnam-archive/2020.pdf,https://kskedlaya.org/putnam-archive/2020s.pdf
2020 B1,2020,B1,entry,algebra,algebra,https://kskedlaya.org/putnam-archive/2020.pdf,https://kskedlaya.org/putnam-archive/2020s.pdf
2020 B2,2020,B2,entry,,,https://kskedlaya.org/putnam-archive/2020.pdf,https://kskedlaya.org/putnam-archive/2020s.pdf
2020 B3,2020,B3,middle,,,https://kskedlaya.org/putnam-archive/2020.pdf,https://kskedlaya.org/putnam-archive/2020s.pdf
2020 B4,2020,B4,middle,algebra,algebra,https://kskedlaya.org/putnam-archive/2020.pdf,https://kskedlaya.org/putnam-archive/2020s.pdf
2020 B5,2020,B5,hard,algebra,algebra,https://kskedlaya.org/putnam-archive/2020.pdf,https://kskedlaya.org/putnam-archive/2020s.pdf
2020 B6,2020,B6,hard,algebra,algebra,https://kskedlaya.org/putnam-archive/2020.pdf,https://kskedlaya.org/putnam-archive/2020s.pdf
2021 A1,2021,A1,entry,geometry,geometry,https://kskedlaya.org/putnam-archive/2021.pdf,https://kskedlaya.org/putnam-archive/2021s.pdf
2021 A2,2021,A2,entry,analysis,analysis,https://kskedlaya.org/putnam-archive/2021.pdf,https://kskedlaya.org/putnam-archive/2021s.pdf
2021 A3,2021,A3,middle,geometry,geometry,https://kskedlaya.org/putnam-archive/2021.pdf,https://kskedlaya.org/putnam-archive/2021s.pdf
2021 A4,2021,A4,middle,analysis,analysis,https://kskedlaya.org/putnam-archive/2021.pdf,https://kskedlaya.org/putnam-archive/2021s.pdf
2021 A5,2021,A5,hard,number-theory,number_theory,https://kskedlaya.org/putnam-archive/2021.pdf,https://kskedlaya.org/putnam-archive/2021s.pdf
2021 A6,2021,A6,hard,number-theory;algebra,algebra;number_theory,https://kskedlaya.org/putnam-archive/2021.pdf,https://kskedlaya.org/putnam-archive/2021s.pdf
2021 B1,2021,B1,entry,,,https://kskedlaya.org/putnam-archive/2021.pdf,https://kskedlaya.org/putnam-archive/2021s.pdf
2021 B2,2021,B2,entry,analysis,analysis,https://kskedlaya.org/putnam-archive/2021.pdf,https://kskedlaya.org/putnam-archive/2021s.pdf
2021 B3,2021,B3,middle,analysis,analysis,https://kskedlaya.org/putnam-archive/2021.pdf,https://kskedlaya.org/putnam-archive/2021s.pdf
2021 B4,2021,B4,middle,number-theory,number_theory,https://kskedlaya.org/putnam-archive/2021.pdf,https://kskedlaya.org/putnam-archive/2021s.pdf
2021 B5,2021,B5,hard,number-theory;algebra,linear_algebra;number_theory,https://kskedlaya.org/putnam-archive/2021.pdf,https://kskedlaya.org/putnam-archive/2021s.pdf
2021 B6,2021,B6,hard,,,https://kskedlaya.org/putnam-archive/2021.pdf,https://kskedlaya.org/putnam-archive/2021s.pdf
2022 A1,2022,A1,entry,algebra,algebra,https://kskedlaya.org/putnam-archive/2022.pdf,https://kskedlaya.org/putnam-archive/2022s.pdf
2022 A2,2022,A2,entry,algebra,algebra,https://kskedlaya.org/putnam-archive/2022.pdf,https://kskedlaya.org/putnam-archive/2022s.pdf
2022 A3,2022,A3,middle,number-theory,number_theory,https://kskedlaya.org/putnam-archive/2022.pdf,https://kskedlaya.org/putnam-archive/2022s.pdf
2022 A4,2022,A4,middle,probability,probability,https://kskedlaya.org/putnam-archive/2022.pdf,https://kskedlaya.org/putnam-archive/2022s.pdf
2022 A5,2022,A5,hard,combinatorics,combinatorics,https://kskedlaya.org/putnam-archive/2022.pdf,https://kskedlaya.org/putnam-archive/2022s.pdf
2022 A6,2022,A6,hard,algebra,algebra,https://kskedlaya.org/putnam-archive/2022.pdf,https://kskedlaya.org/putnam-archive/2022s.pdf
2022 B1,2022,B1,entry,analysis;algebra,algebra;analysis,https://kskedlaya.org/putnam-archive/2022.pdf,https://kskedlaya.org/putnam-archive/2022s.pdf
2022 B2,2022,B2,entry,algebra,algebra,https://kskedlaya.org/putnam-archive/2022.pdf,https://kskedlaya.org/putnam-archive/2022s.pdf
2022 B3,2022,B3,middle,algebra,algebra,https://kskedlaya.org/putnam-archive/2022.pdf,https://kskedlaya.org/putnam-archive/2022s.pdf
2022 B4,2022,B4,middle,algebra,algebra,https://kskedlaya.org/putnam-archive/2022.pdf,https://kskedlaya.org/putnam-archive/2022s.pdf
2022 B5,2022,B5,hard,algebra;probability,algebra;probability,https://kskedlaya.org/putnam-archive/2022.pdf,https://kskedlaya.org/putnam-archive/2022s.pdf
2022 B6,2022,B6,hard,analysis,analysis,https://kskedlaya.org/putnam-archive/2022.pdf,https://kskedlaya.org/putnam-archive/2022s.pdf
2023 A1,2023,A1,entry,analysis,analysis,https://kskedlaya.org/putnam-archive/2023.pdf,https://kskedlaya.org/putnam-archive/2023s.pdf
2023 A2,2023,A2,entry,algebra,algebra,https://kskedlaya.org/putnam-archive/2023.pdf,https://kskedlaya.org/putnam-archive/2023s.pdf
2023 A3,2023,A3,middle,analysis,analysis,https://kskedlaya.org/putnam-archive/2023.pdf,https://kskedlaya.org/putnam-archive/2023s.pdf
2023 A4,2023,A4,middle,number-theory;geometry,geometry;number_theory,https://kskedlaya.org/putnam-archive/2023.pdf,https://kskedlaya.org/putnam-archive/2023s.pdf
2023 A5,2023,A5,hard,algebra,algebra,https://kskedlaya.org/putnam-archive/2023.pdf,https://kskedlaya.org/putnam-archive/2023s.pdf
2023 A6,2023,A6,hard,combinatorics,combinatorics,https://kskedlaya.org/putnam-archive/2023.pdf,https://kskedlaya.org/putnam-archive/2023s.pdf
2023 B1,2023,B1,entry,combinatorics,combinatorics,https://kskedlaya.org/putnam-archive/2023.pdf,https://kskedlaya.org/putnam-archive/2023s.pdf
2023 B2,2023,B2,entry,number-theory,number_theory,https://kskedlaya.org/putnam-archive/2023.pdf,https://kskedlaya.org/putnam-archive/2023s.pdf
2023 B3,2023,B3,middle,combinatorics;probability,combinatorics;probability,https://kskedlaya.org/putnam-archive/2023.pdf,https://kskedlaya.org/putnam-archive/2023s.pdf
2023 B4,2023,B4,middle,analysis,analysis,https://kskedlaya.org/putnam-archive/2023.pdf,https://kskedlaya.org/putnam-archive/2023s.pdf
2023 B5,2023,B5,hard,number-theory,number_theory,https://kskedlaya.org/putnam-archive/2023.pdf,https://kskedlaya.org/putnam-archive/2023s.pdf
2023 B6,2023,B6,hard,algebra,linear_algebra,https://kskedlaya.org/putnam-archive/2023.pdf,https://kskedlaya.org/putnam-archive/2023s.pdf
2024 A1,2024,A1,entry,number-theory,number_theory,https://kskedlaya.org/putnam-archive/2024.pdf,https://kskedlaya.org/putnam-archive/2024s.pdf
2024 A2,2024,A2,entry,algebra,algebra,https://kskedlaya.org/putnam-archive/2024.pdf,https://kskedlaya.org/putnam-archive/2024s.pdf
2024 A3,2024,A3,middle,combinatorics,combinatorics,https://kskedlaya.org/putnam-archive/2024.pdf,https://kskedlaya.org/putnam-archive/2024s.pdf
2024 A4,2024,A4,middle,number-theory,number_theory,https://kskedlaya.org/putnam-archive/2024.pdf,https://kskedlaya.org/putnam-archive/2024s.pdf
2024 A5,2024,A5,hard,geometry;probability,geometry;probability,https://kskedlaya.org/putnam-archive/2024.pdf,https://kskedlaya.org/putnam-archive/2024s.pdf
2024 A6,2024,A6,hard,algebra,linear_algebra,https://kskedlaya.org/putnam-archive/2024.pdf,https://kskedlaya.org/putnam-archive/2024s.pdf
2024 B1,2024,B1,entry,combinatorics,combinatorics,https://kskedlaya.org/putnam-archive/2024.pdf,https://kskedlaya.org/putnam-archive/2024s.pdf
2024 B2,2024,B2,entry,,,https://kskedlaya.org/putnam-archive/2024.pdf,https://kskedlaya.org/putnam-archive/2024s.pdf
2024 B3,2024,B3,middle,analysis,analysis,https://kskedlaya.org/putnam-archive/2024.pdf,https://kskedlaya.org/putnam-archive/2024s.pdf
2024 B4,2024,B4,middle,probability,probability,https://kskedlaya.org/putnam-archive/2024.pdf,https://kskedlaya.org/putnam-archive/2024s.pdf
2024 B5,2024,B5,hard,algebra;combinatorics,algebra;combinatorics,https://kskedlaya.org/putnam-archive/2024.pdf,https://kskedlaya.org/putnam-archive/2024s.pdf
2024 B6,2024,B6,hard,analysis,analysis,https://kskedlaya.org/putnam-archive/2024.pdf,https://kskedlaya.org/putnam-archive/2024s.pdf
2025 A1,2025,A1,entry,number-theory,number_theory,https://kskedlaya.org/putnam-archive/2025.pdf,https://kskedlaya.org/putnam-archive/2025s.pdf
2025 A2,2025,A2,entry,analysis,analysis,https://kskedlaya.org/putnam-archive/2025.pdf,https://kskedlaya.org/putnam-archive/2025s.pdf
2025 A3,2025,A3,middle,combinatorics,combinatorics,https://kskedlaya.org/putnam-archive/2025.pdf,https://kskedlaya.org/putnam-archive/2025s.pdf
2025 A4,2025,A4,middle,algebra,linear_algebra,https://kskedlaya.org/putnam-archive/2025.pdf,https://kskedlaya.org/putnam-archive/2025s.pdf
2025 A5,2025,A5,hard,combinatorics,combinatorics,https://kskedlaya.org/putnam-archive/2025.pdf,https://kskedlaya.org/putnam-archive/2025s.pdf
2025 A6,2025,A6,hard,number-theory,number_theory,https://kskedlaya.org/putnam-archive/2025.pdf,https://kskedlaya.org/putnam-archive/2025s.pdf
2025 B1,2025,B1,entry,combinatorics;geometry,combinatorics;geometry,https://kskedlaya.org/putnam-archive/2025.pdf,https://kskedlaya.org/putnam-archive/2025s.pdf
2025 B2,2025,B2,entry,analysis;geometry,analysis;geometry,https://kskedlaya.org/putnam-archive/2025.pdf,https://kskedlaya.org/putnam-archive/2025s.pdf
2025 B3,2025,B3,middle,number-theory,number_theory,https://kskedlaya.org/putnam-archive/2025.pdf,https://kskedlaya.org/putnam-archive/2025s.pdf
2025 B4,2025,B4,middle,algebra;combinatorics,combinatorics;linear_algebra,https://kskedlaya.org/putnam-archive/2025.pdf,https://kskedlaya.org/putnam-archive/2025s.pdf
2025 B5,2025,B5,hard,number-theory,number_theory,https://kskedlaya.org/putnam-archive/2025.pdf,https://kskedlaya.org/putnam-archive/2025s.pdf
2025 B6,2025,B6,hard,number-theory;analysis,analysis;number_theory,https://kskedlaya.org/putnam-archive/2025.pdf,https://kskedlaya.org/putnam-archive/2025s.pdf
